{"cameraMode":{"drawMode":0,"name":"Shaded","section":"Shading Mode"},"sceneLighting":false,"audioPlay":false,"sceneViewState":{"m_AlwaysRefresh":true,"showFog":true,"showSkybox":false,"showFlares":true,"showImageEffects":true,"showParticleSystems":true,"showVisualEffectGraphs":true,"m_FxEnabled":false},"in2DMode":false,"pivot":{"x":-4.607688903808594,"y":31.729997634887697,"z":-0.48123931884765627},"rotation":{"x":-0.3782249093055725,"y":0.012266657315194607,"z":-0.004970479756593704,"w":-0.9256614446640015},"size":121.2435531616211,"orthographic":false}