{"cameraMode":{"drawMode":0,"name":"Shaded","section":"Shading Mode"},"sceneLighting":false,"audioPlay":false,"sceneViewState":{"m_AlwaysRefresh":true,"showFog":true,"showSkybox":false,"showFlares":true,"showImageEffects":true,"showParticleSystems":true,"showVisualEffectGraphs":true,"m_FxEnabled":true},"in2DMode":false,"pivot":{"x":8.119893074035645,"y":0.26904773712158205,"z":-5.149480819702148},"rotation":{"x":0.23009905219078065,"y":-0.18122032284736634,"z":0.04365624487400055,"w":0.9551558494567871},"size":13.001729965209961,"orthographic":false}