{"cameraMode":{"drawMode":0,"name":"Shaded","section":"Shading Mode"},"sceneLighting":false,"audioPlay":false,"sceneViewState":{"m_AlwaysRefresh":true,"showFog":true,"showSkybox":false,"showFlares":true,"showImageEffects":true,"showParticleSystems":true,"showVisualEffectGraphs":true,"m_FxEnabled":false},"in2DMode":false,"pivot":{"x":0.5730825662612915,"y":1.4427940845489503,"z":0.2842806279659271},"rotation":{"x":0.10909923911094666,"y":-0.057518936693668368,"z":0.006327623501420021,"w":0.992355227470398},"size":0.983883261680603,"orthographic":true}