{"cameraMode":{"drawMode":0,"name":"Shaded","section":"Shading Mode"},"sceneLighting":false,"audioPlay":false,"sceneViewState":{"m_AlwaysRefresh":true,"showFog":true,"showSkybox":true,"showFlares":true,"showImageEffects":true,"showParticleSystems":true,"showVisualEffectGraphs":true,"m_FxEnabled":false},"in2DMode":false,"pivot":{"x":21.154951095581056,"y":6.091211318969727,"z":0.5719318389892578},"rotation":{"x":-0.28005555272102358,"y":0.26209840178489687,"z":-0.07991432398557663,"w":-0.920109748840332},"size":14.987005233764649,"orthographic":true}