{"cameraMode":{"drawMode":0,"name":"Shaded","section":"Shading Mode"},"sceneLighting":false,"audioPlay":false,"sceneViewState":{"m_AlwaysRefresh":true,"showFog":true,"showSkybox":false,"showFlares":true,"showImageEffects":true,"showParticleSystems":true,"showVisualEffectGraphs":true,"m_FxEnabled":false},"in2DMode":false,"pivot":{"x":10.699999809265137,"y":2.9100000858306886,"z":2.4800000190734865},"rotation":{"x":0.3260208070278168,"y":0.29839155077934267,"z":-0.10928525775671005,"w":0.8903973698616028},"size":1.68875253200531,"orthographic":true}