{"cameraMode":{"drawMode":0,"name":"Shaded","section":"Shading Mode"},"sceneLighting":false,"audioPlay":false,"sceneViewState":{"m_AlwaysRefresh":true,"showFog":true,"showSkybox":false,"showFlares":true,"showImageEffects":true,"showParticleSystems":true,"showVisualEffectGraphs":true,"m_FxEnabled":true},"in2DMode":false,"pivot":{"x":15.009998321533204,"y":1.7300000190734864,"z":-13.869999885559082},"rotation":{"x":-0.1226421520113945,"y":0.8080589771270752,"z":-0.18122470378875733,"w":-0.5478373765945435},"size":2.4494898319244386,"orthographic":true}