{"cameraMode":{"drawMode":0,"name":"Shaded","section":"Shading Mode"},"sceneLighting":false,"audioPlay":false,"sceneViewState":{"m_AlwaysRefresh":true,"showFog":true,"showSkybox":false,"showFlares":true,"showImageEffects":true,"showParticleSystems":true,"showVisualEffectGraphs":true,"m_FxEnabled":false},"in2DMode":false,"pivot":{"x":6.764340877532959,"y":5.215163230895996,"z":-0.19931387901306153},"rotation":{"x":-0.03248703479766846,"y":0.9611457586288452,"z":-0.1290809065103531,"w":-0.24191509187221528},"size":1.4627341032028199,"orthographic":true}